Workbook
Name TextAlternatives: Reference!$I$5:$I$11
Name SectionsFunctions: 'Test Plan'!$D$5:$D$100
Name Language: Reference!$E$5:$E$6
Name GenericTestList: 'Test Plan'!$A$5:$A$138
Name Navigation: Reference!$G$5:$G$8
Name GenericTest: 'Test Plan'!$A$5:$A$110
Name SectionsTested: 'Test Plan'!$A$5:$A$138
Name UserControls: Reference!$J$5:$J$8
Name Severity: Reference!$A$19:$A$23
Name Contrast: Reference!$B$5:$B$6
Name KeyboardInput: Reference!$D$5:$D$13
Name MediaControl: Reference!$F$5:$F$7
Name Instructions: Reference!$C$5:$C$9
Name Semantics: Reference!$H$5:$H$15
Name Adaptability: Reference!$K$5:$K$7

Sheet Coversheet
A1: Digital Accessibility Evaluation
A2: U-M ITS Accessibility Team
A3: Date | B3: 45169
A4: Tester(s) | B4: Use @ and type-ahead to add names
A5: IT provenance | B5: Hybrid
A6: IT type | B6: Website
A7: IT
A8: IT name
A9: U-M contact | B9: Name, email. Use @ and type-ahead to add names
A10: Vendor contact | B10: Name, email
A11: Accessibility | B11: If purchased, link to VPAT, accessibility statement, previous evaluations
A12: Description | B12: Describe the product in 5-10 words
A13: Background | B13: Describe the reason and purpose for this evaluation.
A16: Testing
A17: Main URL
A18: Login info | B18: Username, password
A19: Testing tools | B19: Some or all of Windows, macOS, iOS, Chrome, Firefox. NVDA, VoiceOver, ZoomText. Some or all of Axe DevTools Pro, Stark, WAVE

Sheet Test Plan
A1: Test Plan | B1: A test plan helps you to test efficiently and to cover the most crucial aspects of the Information Technology (IT) you are testing. Depending on the nature of the IT, you may focus on Sections testing or Functions testing
A3: Sections testing: If you are testing informational websites, choose sections of pages that repeat frequently (like banner, footer). You may also need to include whole pages that are unique (like Homepage, or Search Results). See tutorial on how to choose sections. Functions testing: If you are testing a dynamic website where you get to add, edit, delete information, change settings, etc. like MCommunity, it would make sense to list functions that you are testing. These would be things like "login", "change settings", "create a group" etc. See tutorial on how to choose functions You can add the two types of tests below in Column A. Items listed there will automatically become options in the "Sections" column of the "Findings: Issues" sheet. Currently listed are some placeholders with sections that many websites have, but you are encouraged to edit, add, or delete them to fit the website you are working on.
A4: Test | B4: URL or location | C4: Description
A5: Global header | B5: All pages | C5: Menu and controls at top of all pages
A6: Global footer | B6: All pages | C6: Info at the end of each page
A7: Dashboard page | B7: a url | C7: Unique page we want to take a look at
A8: Login | B8: NA | C8: Function we want to make sure is accessible
A9: Change profile info | B9: NA | C9: Function we want to make sure is accessible
A10: Create an MCommunity group | B10: NA | C10: Function we want to make sure is accessible
A11: Delete an MCommunity group | B11: NA | C11: Function we want to make sure is accessible

Sheet Summary
A1: Summary
A2: This report has findings from a "baseline" level accessibility evaluation. This is a preliminary review on a limited sample. This is not a full WCAG conformance report.
A3: Narrative Summary
A4: This is a place for general observations on the IT you have tested.
A5: Issue Severity
A6: Total Issues | B6: =counta('Findings Issues'!G2:G49) -> 1
A7: Blocker Issues | B7: =Countif('Findings Issues'!G1:G49,"5 Blocker") -> 1 | C7: =IF(NOT(B6=0),divide(B7,B6)) -> 1
A8: Critical Issues | B8: =Countif('Findings Issues'!G2:G49,"4 Critical") -> 0 | C8: =IF(NOT(B6=0),divide(B8,B6)) -> 0
A9: Major Issues | B9: =Countif('Findings Issues'!G2:G49,"3 Major") -> 0 | C9: =IF(NOT(B6=0),divide(B9,B6)) -> 0
A10: Minor Issues | B10: =Countif('Findings Issues'!G2:G49,"2 Minor") -> 0 | C10: =IF(NOT(B6=0),divide(B10,B6)) -> 0
A11: Best Practice | B11: =Countif('Findings Issues'!G2:G49,"1 Best practice") -> 0 | C11: =IF(NOT(B6=0),divide(B11,B6)) -> 0
A12: Issues by Category
A13: Total number of issues with a category selected | B13: =counta('Findings Issues'!D2:D56) -> 1
A14: Instructions | B14: =countIF('Findings Issues'!D1:D99,"Instructions") -> 1 | C14: =IF(NOT($B$13=0),divide(B14,$B$13)) -> 1
A15: Contrast | B15: =countIF('Findings Issues'!D1:D99,"Contrast") -> 0 | C15: =IF(NOT($B$13=0),divide(B15,$B$13)) -> 0
A16: Keyboard and other Input | B16: =countIF('Findings Issues'!D1:D100,"Keyboard and other Input") -> 0 | C16: =IF(NOT($B$13=0),divide(B16,$B$13)) -> 0
A17: Language | B17: =countIF('Findings Issues'!D2:D101,"Language") -> 0 | C17: =IF(NOT($B$13=0),divide(B17,$B$13)) -> 0
A18: Media Control | B18: =countIF('Findings Issues'!D3:D102,"Media Control") -> 0 | C18: =IF(NOT($B$13=0),divide(B18,$B$13)) -> 0
A19: Navigation and Consistency | B19: =countIF('Findings Issues'!D4:D103,"Navigation and Consistency") -> 0 | C19: =IF(NOT($B$13=0),divide(B19,$B$13)) -> 0
A20: Semantics and Structure | B20: =countIF('Findings Issues'!D5:D104,"Semantics and Structure") -> 0 | C20: =IF(NOT($B$13=0),divide(B20,$B$13)) -> 0
A21: Text Alternatives | B21: =countIF('Findings Issues'!D6:D105,"Text Alternatives") -> 0 | C21: =IF(NOT($B$13=0),divide(B21,$B$13)) -> 0
A22: User Controls | B22: =countIF('Findings Issues'!D7:D106,"User Controls") -> 0 | C22: =IF(NOT($B$13=0),divide(B22,$B$13)) -> 0
A23: Adaptability | B23: =countIF('Findings Issues'!D8:D107,"Adaptability") -> 0 | C23: =IF(NOT($B$13=0),divide(B23,$B$13)) -> 0

Sheet Findings Issues
A1: Issue # | B1: Test | C1: Issue notes Only report barriers, not successes Please add dates to new comments (a11y team, vendor) | D1: Category | E1: Criterion | F1: Info | G1: Severity | H1: Impact | I1: Most affects people who are/have | J1: Vendor checks if ready to be retested by a11y team | K1: Verified by a11y team
A2: 1 | B2: Global header | D2: Instructions | E2: 1.2.2 – Captions (Pre-recorded) | F2: 1.2.2 Info | G2: 5 Blocker | H2: People who have difficulty processing audio information won't have access to information and content in video. | I2: Deaf, Hard of hearing, Neurodivergent | J2: FALSE | K2: Not tested by UM A11y team
A3: 2 | J3: FALSE | K3: Not tested by UM A11y team
A4: 3 | J4: FALSE | K4: Not tested by UM A11y team
A5: 4 | J5: FALSE | K5: Not tested by UM A11y team
A6: 5 | J6: FALSE | K6: Not tested by UM A11y team
A7: 6 | J7: FALSE | K7: Not tested by UM A11y team
A8: 7 | J8: FALSE | K8: Not tested by UM A11y team
A9: 8 | J9: FALSE | K9: Not tested by UM A11y team
A10: 9 | J10: FALSE | K10: Not tested by UM A11y team
A11: 10 | J11: FALSE | K11: Not tested by UM A11y team
A12: 11 | J12: FALSE | K12: Not tested by UM A11y team
A13: 12 | J13: FALSE | K13: Not tested by UM A11y team
A14: 13 | J14: FALSE | K14: Not tested by UM A11y team
... A49: 48 | J49: FALSE | K49: Not tested by UM A11y team

Sheet Reference
A1: Reference
A2: Do not edit. Thank you.
A4: Category | B4: Contrast | C4: Instructions | D4: Keyboard and other Input | E4: Language | F4: Media Control | G4: Navigation and Consistency | H4: Semantics and Structure | I4: Text Alternatives | J4: User Controls | K4: Adaptability
A5: Common WCAG Criteria | B5: 1.4.3 – Contrast (Minimum) | C5: 3.3.1 – Error Identification | D5: 1.4.13 – Content on Hover or Focus | E5: 3.1.1 – Language of Page | F5: 1.4.2 – Audio Control | G5: 2.4.5 – Multiple Ways | H5: 1.3.1 – Info and Relationships | I5: 1.1.1 – Non-text Content | J5: 1.4.4 – Resize Text | K5: 1.3.4 – Orientation
B6: 1.4.11 – Non-Text Contrast | C6: 3.3.2 – Labels or Instructions | D6: 2.1.2 – No Keyboard Trap | E6: 3.1.2 – Language of Parts | F6: 2.2.2 – Pause, Stop, Hide | G6: 2.4.6 – Headings and Labels | H6: 1.3.2 – Meaningful Sequence | I6: 1.2.1 – Audio-only and Video-only (Pre-recorded) | J6: 2.2.1 – Timing Adjustable | K6: 1.4.10 – Reflow
C7: 3.3.3 – Error Suggestion | D7: 2.4.3 – Focus Order | F7: 2.3.1 – Three Flashes or Below | G7: 3.2.3 – Consistent Navigation | H7: 1.3.3 – Sensory Characteristics | I7: 1.2.2 – Captions (Pre-recorded) | J7: 3.2.1 – On Focus | K7: 1.4.12 – Text Spacing
C8: 3.3.4 – Error Prevention (Legal, Financial, Data) | D8: 2.4.7 – Focus Visible | G8: 3.2.4 – Consistent Identification | H8: 1.3.5 – Identify Input Purpose | I8: 1.2.3 – Audio Description or Media Alternative (Pre-recorded) | J8: 3.2.2 – On Input
C9: 2.5.3 – Label in Name | D9: 2.1.1 - Keyboard | H9: 1.4.1 – Use of Colour | I9: 1.2.4 – Captions (Live)
D10: 2.1.4 – Character Key Shortcuts | H10: 2.4.1 – Bypass Blocks | I10: 1.2.5 – Audio Description (Pre-recorded)
D11: 2.5.1 – Pointer Gestures | H11: 2.4.2 – Page Titled | I11: 1.4.5 – Images of Text
D12: 2.5.2 – Pointer Cancellation | H12: 2.4.4 – Link Purpose (In Context)
D13: 2.5.4 – Motion Actuation | H13: 4.1.1 – Parsing
H14: 4.1.2 – Name, Role, Value
H15: 4.1.3 – Status Messages
A18: Severity | B18: Meaning
A19: 5 Blocker | B19: Prevents access to core processes or many secondary processes; causes harm or significant discomfort.
A20: 4 Critical | B20: Prevents access to some secondary processes; makes it difficult to access core processes or many secondary processes.
A21: 3 Major | B21: Makes it inconvenient to access core processes or many secondary processes.
A22: 2 Minor | B22: Makes it inconvenient to access isolated processes.
A23: 1 Best practice | B23: Will provide a superior and equitable experience to all users

Sheet Reference Impact
A1: 1.1.1 – Non-text Content | B1: Blind, Low vision, Deaf, Hard of hearing, Neurodivergent | C1: People with difficulty seeing or processing visual information won't have access to this information or content.
A2: 1.2.1 – Audio-only and Video-only (Pre-recorded) | B2: Blind, Low vision, Deaf, Hard of hearing, Neurodivergent | C2: People who can only access content through visuals or audio, and people who need both together, may not have access to this information or content.
A3: 1.2.2 – Captions (Pre-recorded) | B3: Deaf, Hard of hearing, Neurodivergent | C3: People who have difficulty processing audio information won't have access to information and content in video.
A4: 1.2.3 – Audio Description or Media Alternative (Pre-recorded) | B4: Blind, Low vision, Neurodivergent | C4: People who can't see or understand visual information won't have access to content in this video.
A5: 1.2.4 – Captions (Live) | B5: Deaf, Hard of hearing, Neurodivergent | C5: People who can't hear or process auditory information will not have access to live audio content.
A6: 1.2.5 – Audio Description (Pre-recorded) | B6: Blind, Low vision, Neurodivergent | C6: People who can't see or understand visual information won't have access to content in this video.
A7: 1.3.1 – Info and Relationships | B7: Blind, Low vision, Neurodivergent | C7: People using any type of assistive technology will have barriers or difficulty navigating or accessing this information.
A8: 1.3.2 – Meaningful Sequence | B8: Blind, Low vision, Neurodivergent | C8: People using any type of assistive technology will have difficulty navigating or accessing this information.
A9: 1.3.3 – Sensory Characteristics | B9: Blind, Low vision, Deaf, Hard of hearing, Neurodivergent | C9: People who cannot see or hear, or who use devices that adjust display, will not understand references to color, position, sound, or other sensory characteristics.
A10: 1.3.4 – Orientation | B10: Mobility disability, Low vision | C10: People who depend on specific device orientations due to positioning or zoom may lose important information.
A11: 1.3.5 – Identify Input Purpose | B11: Mobility disability, Neurodivergent | C11: People who have difficulty remembering or entering information will have difficulty completing the form.
A12: 1.4.1 – Use of Colour | B12: Blind, Low vision, Color blindness, Neurodivergent | C12: People who cannot see or distinguish certain colors, or who use devices that change colors on their display, may be unable to understand content's meaning.
... A50: 4.1.3 – Status Messages | B50: Blind, Low vision | C50: People who use assistive technology may not be notified of changes or may be unnecessarily distracted by them.
